City,Latitude,Longitute,Max Temperature,Humidity,Cloudiness,Wind Speed,Country,Date
Kapaa,22.0752,-159.319,79.12,84,75,1.99,US,1627316442
Barrow,71.2906,-156.7887,39.22,99,90,9.22,US,1627316321
Vaini,-21.2,-175.2,71.76,100,75,5.75,TO,1627316443
Qaanaaq,77.484,-69.3632,43.63,54,89,9.75,GL,1627316436
Saint Paul Harbor,57.79,-152.4072,54.91,82,90,0.0,US,1627316446
Aklavik,68.2191,-135.0107,57.2,82,75,2.3,CA,1627316446
Salinas,36.6777,-121.6555,64.18,88,90,5.75,US,1627316447
Butaritari,3.0707,172.7902,81.88,73,100,6.91,KI,1627316447
Severo-Kuril'sk,50.6789,156.125,56.43,91,82,5.99,RU,1627316424
Rikitea,-23.1203,-134.9692,73.36,75,20,15.75,PF,1627316448
Fairbanks,64.8378,-147.7164,60.3,81,1,3.44,US,1627316449
Albany,42.6001,-73.9662,83.8,63,2,1.01,US,1627316450
Luján,-34.5703,-59.105,59.04,53,46,12.01,AR,1627316450
Provideniya,64.3833,-173.3,48.0,99,100,3.36,RU,1627316451
Hermanus,-34.4187,19.2345,61.93,66,27,4.05,ZA,1627316452
Narsaq,60.9167,-46.05,64.62,45,58,3.78,GL,1627316309
Shitanjing,39.2342,106.3439,72.73,44,59,4.25,CN,1627316454
Nuuk,64.1835,-51.7216,56.01,71,20,9.22,GL,1627316455
Pangai,-19.8,-174.35,75.96,79,50,6.73,TO,1627316455
Punta Arenas,-53.15,-70.9167,42.91,75,0,17.27,CL,1627316309
Bredasdorp,-34.5322,20.0403,67.32,32,53,8.05,ZA,1627316457
Hilo,19.7297,-155.09,73.8,94,90,8.05,US,1627316312
Bluff,-46.6,168.3333,45.81,75,83,15.82,NZ,1627316460
Arlit,18.7369,7.3853,106.11,11,100,2.59,NE,1627316302
Saldanha,-33.0117,17.9442,68.05,60,4,9.78,ZA,1627316461
Lixouri,38.2019,20.4314,93.06,58,0,9.22,GR,1627316461
Resistencia,-27.4606,-58.9839,62.1,85,90,10.36,AR,1627316462
Hithadhoo,-0.6,73.0833,81.0,78,74,9.51,MV,1627316311
Pisco,-13.7,-76.2167,68.05,68,0,10.36,PE,1627316464
Lebu,-37.6167,-73.65,48.69,64,12,13.67,CL,1627316464
Touros,-5.1989,-35.4608,85.1,60,21,18.54,BR,1627316343
Jamestown,42.097,-79.2353,83.3,53,20,3.0,US,1627316452
Pevek,69.7008,170.3133,35.38,89,81,12.15,RU,1627316468
Lerwick,60.1545,-1.1494,59.0,94,100,15.97,GB,1627316469
Ust-Kuyga,70.0167,135.6,54.16,96,100,4.94,RU,1627316470
Fortuna,40.5982,-124.1573,80.47,81,100,3.6,US,1627316298
Manggar,-2.8833,108.2667,80.85,72,1,11.81,ID,1627316472
Ribeira Grande,38.5167,-28.7,77.4,69,20,18.41,PT,1627316318
Ushuaia,-54.8,-68.3,35.22,93,75,5.75,AR,1627316473
Kabare,-2.4683,28.8242,64.92,72,100,2.62,CD,1627316460
Ponazyrevo,58.3578,46.3142,65.8,60,95,7.7,RU,1627316475
Port Alfred,-33.5906,26.891,65.82,42,100,8.97,ZA,1627316311
Gisborne,-38.6533,178.0042,49.95,88,100,8.5,NZ,1627316385
Wanning,18.8003,110.3967,82.4,87,24,2.71,CN,1627316479
São Paulo de Olivença,-3.3783,-68.8725,90.95,51,47,1.21,BR,1627316480
Saint George,37.1041,-113.5841,85.53,61,1,1.01,US,1627316213
Mataura,-46.1927,168.8643,45.48,98,100,3.83,NZ,1627316326
Mogadishu,2.0371,45.3438,76.8,78,58,20.31,SO,1627316481
Roselle,41.9847,-88.0798,90.52,38,1,0.0,US,1627316481
Torbay,47.6666,-52.7314,68.29,83,75,8.05,CA,1627316482
Busselton,-33.65,115.3333,57.09,61,48,28.72,AU,1627316482
Balaipungut,1.05,101.2833,79.21,79,49,2.75,ID,1627316483
Lavrentiya,65.5833,-171.0,44.13,99,100,3.69,RU,1627316483
Tashla,51.7716,52.7427,69.39,37,34,9.26,RU,1627316356
San Carlos,9.6612,-68.5827,79.79,86,90,5.46,VE,1627316484
Port Hardy,50.6996,-127.4199,59.18,94,75,0.0,CA,1627316485
Yinchuan,38.4681,106.2731,77.29,42,8,0.83,CN,1627316486
Halifax,44.6453,-63.5724,71.53,91,90,1.99,CA,1627316191
Katherine,-14.4667,132.2667,66.52,63,100,5.75,AU,1627316487
Goma,-1.6792,29.2228,67.33,62,98,1.68,CD,1627316488
New Norfolk,-42.7826,147.0587,53.92,57,97,5.77,AU,1627316488
Taxisco,14.0708,-90.4631,88.14,51,5,4.36,GT,1627316488
Roald,62.5833,6.1333,83.32,73,0,11.5,NO,1627316489
Lompoc,34.6391,-120.4579,71.13,89,90,0.0,US,1627316471
Arandis,-22.4167,14.9667,82.15,17,0,8.86,NA,1627316490
Zhigansk,66.7697,123.3711,54.21,78,31,13.53,RU,1627316368
Faanui,-16.4833,-151.75,77.9,76,60,12.12,PF,1627316344
Guilin,25.2819,110.2864,80.71,75,75,2.33,CN,1627316492
Ibipeba,-11.6408,-42.0111,77.43,46,72,11.88,BR,1627316492
Bajil,15.0584,43.2851,87.53,62,100,11.7,YE,1627316493
Amahai,-3.3333,128.9167,76.51,89,42,1.41,ID,1627316494
Castro,-24.7911,-50.0119,72.46,39,1,9.57,BR,1627316323
Puerto Ayora,-0.7393,-90.3518,78.76,82,92,10.0,EC,1627316308
Anamur,36.0751,32.8369,87.82,52,7,13.98,TR,1627316497
Mar del Plata,-38.0023,-57.5575,55.09,65,40,8.01,AR,1627316262
Yellowknife,62.456,-114.3525,64.92,63,75,8.05,CA,1627316498
Grand-Santi,4.25,-54.3833,90.21,49,53,4.0,GF,1627316498
Dauphin,51.1494,-100.0502,68.14,73,75,9.22,CA,1627316498
Bambous Virieux,-20.3428,57.7575,68.25,88,75,9.22,MU,1627316331
Kropotkin,45.4375,40.5756,83.82,35,0,11.59,RU,1627316499
Sitka,57.0531,-135.33,55.29,88,20,0.0,US,1627316342
Atuona,-9.8,-139.0333,77.88,67,66,24.36,PF,1627316499
Kunshan,31.3776,120.9543,78.98,97,100,16.78,CN,1627316500
East London,-33.0153,27.9116,63.54,55,0,6.91,ZA,1627316363
Rawson,-43.3002,-65.1023,45.12,40,12,27.96,AR,1627316501
Ahipara,-35.1667,173.1667,55.09,84,14,17.27,NZ,1627316501
Port-Cartier,50.0334,-66.8654,69.75,69,96,7.38,CA,1627316423
Saint-Philippe,-21.3585,55.7679,69.39,79,48,11.14,RE,1627316502
Lüderitz,-26.6481,15.1594,69.15,44,1,8.7,NA,1627316328
Adrar,20.5022,-10.0711,112.17,4,2,5.14,MR,1627316406
Tuatapere,-46.1333,167.6833,45.82,88,86,4.36,NZ,1627316504
Tornio,65.8481,24.1466,73.42,69,71,3.76,FI,1627316504
Shihezi,44.3,86.0333,88.02,18,0,6.53,CN,1627316505
Grindavik,63.8424,-22.4338,53.56,87,90,17.27,IS,1627316505
Vila Velha,-20.3297,-40.2925,78.75,59,40,12.66,BR,1627316506
Trincomalee,8.5711,81.2335,81.82,77,95,19.28,LK,1627316507
Kahului,20.8947,-156.47,77.85,89,40,18.41,US,1627316507
Pauini,-7.7136,-66.9764,95.54,34,35,1.97,BR,1627316507
Souillac,-20.5167,57.5167,68.38,88,75,9.22,MU,1627316508
Bathsheba,13.2167,-59.5167,86.61,70,75,20.71,BB,1627316444
Wajima,37.4,136.9,78.94,86,100,8.72,JP,1627316510
Araouane,18.9048,-3.5265,106.43,18,76,10.65,ML,1627316458
Pochutla,15.7432,-96.4661,85.05,57,94,2.64,MX,1627316425
Aasiaat,68.7098,-52.8699,39.04,89,100,11.81,GL,1627316511
Airai,-8.9266,125.4092,55.49,81,20,2.01,TL,1627316511
Alofi,-19.0595,-169.9187,69.69,94,40,1.14,NU,1627316356
Upernavik,72.7868,-56.1549,45.07,65,100,3.0,GL,1627316511
Anchorage,61.2181,-149.9003,57.74,81,1,1.01,US,1627316416
Novyye Burasy,52.1324,46.0714,74.95,51,34,4.05,RU,1627316512
Hohhot,40.8106,111.6522,64.69,88,40,4.47,CN,1627316513
Våler,60.6785,11.8331,78.89,40,91,5.08,NO,1627316514
Cape Town,-33.9258,18.4232,68.41,59,0,8.05,ZA,1627316514
Bethel,41.3712,-73.414,87.46,61,1,1.01,US,1627316515
Sargodha,32.0836,72.6711,99.81,40,99,10.63,PK,1627316370
Liku,-0.7275,119.8922,75.18,90,44,2.82,ID,1627316516
Bintulu,3.1667,113.0333,79.21,94,20,0.0,MY,1627316516
San Patricio,28.017,-97.5169,89.91,56,81,3.56,US,1627316409
Tasiilaq,65.6145,-37.6368,50.16,83,10,4.59,GL,1627316519
Svetlaya,46.5389,138.3297,68.13,97,99,4.0,RU,1627316520
Hobart,-42.8794,147.3294,54.27,72,90,1.01,AU,1627316322
Arraial do Cabo,-22.9661,-42.0278,82.36,61,0,18.41,BR,1627316307
Sokur,55.2093,83.319,61.16,88,97,12.57,RU,1627316521
Gornoye Loo,43.7129,39.6049,80.38,84,8,3.8,RU,1627316522
Dikson,73.5069,80.5464,43.57,86,87,4.61,RU,1627316522
Avarua,-21.2078,-159.775,73.45,94,75,9.22,CK,1627316522
Bethanien,-26.502,17.1583,72.9,20,2,8.34,NA,1627316523
Ossora,59.2353,163.0719,58.21,98,100,8.16,RU,1627316523
Pitimbu,-7.4706,-34.8086,84.79,68,5,14.41,BR,1627316524
George Town,5.4112,100.3354,84.88,79,20,0.0,MY,1627316341
Vila Franca do Campo,37.7167,-25.4333,73.81,63,0,6.71,PT,1627316352
Samarai,-10.6167,150.6667,77.34,85,99,17.96,PG,1627316467
Omboué,-1.5746,9.2618,76.08,73,99,11.39,GA,1627316527
Poso,-1.3959,120.7524,76.51,82,13,5.41,ID,1627316378
Lorengau,-2.0226,147.2712,81.09,76,45,2.75,PG,1627316344
Constitución,-35.3333,-72.4167,53.78,73,42,10.27,CL,1627316530
Menongue,-14.6585,17.691,73.35,20,50,7.54,AO,1627316531
Angren,41.0167,70.1436,85.62,20,0,1.66,UZ,1627316532
Coos Bay,43.3665,-124.2179,75.85,88,90,3.44,US,1627316533
Zirándaro de los Chávez,18.45,-100.9833,83.64,66,92,1.66,MX,1627316533
Esperance,-33.8667,121.9,57.15,85,100,22.84,AU,1627316535
Huanren,41.2647,125.3667,70.79,93,87,2.28,CN,1627316537
Porto Nacional,-10.7081,-48.4172,89.6,22,86,7.31,BR,1627316538
Shirgaon,19.7,72.7,81.03,84,92,18.9,IN,1627316538
Champerico,14.3,-91.9167,91.72,74,52,2.3,GT,1627316539
Taltal,-25.4,-70.4833,62.31,62,0,5.93,CL,1627316328
Isangel,-19.55,169.2667,72.25,73,78,16.44,VU,1627316540
Manicoré,-5.8092,-61.3003,96.21,29,19,4.76,BR,1627316541
Thompson,55.7435,-97.8558,62.76,39,20,3.44,CA,1627316541
Ancud,-41.8697,-73.8203,45.93,61,31,7.81,CL,1627316299
Dongsheng,39.8161,109.9776,69.44,57,0,5.97,CN,1627316542
Fort Nelson,58.8053,-122.7002,62.19,72,20,5.75,CA,1627316542
Dunedin,-45.8742,170.5036,48.79,74,100,21.99,NZ,1627316543
Beloha,-25.1667,45.05,62.37,66,27,14.29,MG,1627316544
Broken Hill,-31.95,141.4333,50.74,54,45,13.73,AU,1627316544
Los Llanos de Aridane,28.6585,-17.9182,75.13,81,40,17.27,ES,1627316305
Isla Vista,34.4133,-119.861,73.26,69,40,0.0,US,1627316548
Namatanai,-3.6667,152.4333,78.15,80,37,1.86,PG,1627316461
Khandyga,62.6667,135.6,62.46,64,32,5.14,RU,1627316548
Frontera,26.9333,-101.45,83.95,63,1,5.75,MX,1627316549
Äänekoski,62.6946,25.818,83.68,38,93,2.95,FI,1627316550
Umm Kaddadah,13.6017,26.6876,90.95,38,88,11.34,SD,1627316550
Ponta do Sol,32.6667,-17.1,79.12,75,26,2.51,PT,1627316354
Khatanga,71.9667,102.5,60.85,64,73,11.81,RU,1627316540
Ghanzi,-21.5667,21.7833,58.77,28,9,8.32,BW,1627316555
Pesaro,43.9036,12.8903,93.96,33,84,5.99,IT,1627316556
Kaitangata,-46.2817,169.8464,48.92,66,100,7.9,NZ,1627316557
Flin Flon,54.7682,-101.865,64.24,52,75,8.05,CA,1627316557
Longyearbyen,78.2186,15.6401,44.44,81,75,18.41,SJ,1627316338
Katobu,-4.9408,122.5276,70.88,91,15,3.87,ID,1627316559
Sept-Îles,50.2001,-66.3821,70.05,82,90,4.0,CA,1627316453
Kirakira,-10.4544,161.9205,77.59,86,100,7.34,SB,1627316380
Saskylakh,71.9167,114.0833,47.5,83,46,5.41,RU,1627316376
Mossamedes,-15.1961,12.1522,73.58,62,1,6.46,AO,1627316362
Tanout,14.9709,8.8879,93.9,36,84,8.77,NE,1627316561
Jumla,29.2747,82.1838,66.4,99,100,1.97,NP,1627316562
Broome,42.2506,-75.833,83.17,56,1,4.0,US,1627316399
Kozachi Laheri,46.7037,32.9776,89.92,33,14,8.16,UA,1627316563
Sørland,67.667,12.6934,57.27,86,25,13.47,NO,1627316564
Berlevåg,70.8578,29.0864,48.2,83,72,8.63,NO,1627316407
Krasnogorskiy,54.6025,61.231,55.81,61,71,3.96,RU,1627316565
Port Elizabeth,-33.918,25.5701,66.09,63,0,3.44,ZA,1627316565
Carnarvon,-24.8667,113.6333,69.87,85,40,12.66,AU,1627316297
Port Lincoln,-34.7333,135.8667,53.44,61,30,14.58,AU,1627316350
Gravelbourg,49.8834,-106.5512,71.87,34,10,11.36,CA,1627316567
Ilulissat,69.2167,-51.1,50.02,57,75,3.44,GL,1627316568
Neiafu,-18.65,-173.9833,68.68,94,20,0.0,TO,1627316568
Kargasok,59.0556,80.8572,54.0,97,100,15.43,RU,1627316569
Port-Gentil,-0.7193,8.7815,75.51,81,96,14.07,GA,1627316360
Manono,-7.3,27.4167,79.59,23,31,6.29,CD,1627316461
Lososina,48.9975,140.3106,66.45,95,100,6.6,RU,1627316571
Sistranda,63.7256,8.834,67.96,84,12,14.5,NO,1627316571
São João da Barra,-21.6403,-41.0511,82.49,60,0,13.35,BR,1627316572
Paciran,-6.8767,112.3761,75.87,75,1,9.17,ID,1627316573
Evensk,61.95,159.2333,49.46,97,100,5.68,RU,1627316452
Cherskiy,68.75,161.3,36.5,83,0,9.22,RU,1627316573
Mehamn,71.0357,27.8492,48.15,76,20,5.75,NO,1627316574
Olafsvik,64.8945,-23.7142,49.69,85,100,15.37,IS,1627316574
Bengkulu,-3.8004,102.2655,75.16,76,64,4.29,ID,1627316313
Port Macquarie,-31.4333,152.9167,48.38,77,0,5.68,AU,1627316575
Rørvik,64.8621,11.2373,85.98,87,17,17.69,NO,1627316575
Caravelas,-17.7125,-39.2481,77.97,59,1,7.36,BR,1627316559
Kokino,52.4964,34.7808,76.01,61,4,5.88,RU,1627316577
Batemans Bay,-35.7167,150.1833,57.2,60,99,9.19,AU,1627316577
Worthington,40.0931,-83.018,86.95,53,75,1.99,US,1627316546
Tuktoyaktuk,69.4541,-133.0374,44.6,87,90,9.22,CA,1627316578
Okhotsk,59.3833,143.3,57.4,91,76,5.79,RU,1627316579
Aljojuca,19.1,-97.5167,64.02,41,19,0.2,MX,1627316580
Port Hedland,-20.3167,118.5667,62.65,88,40,4.61,AU,1627316581
Baker City,44.7749,-117.8344,73.11,35,1,4.61,US,1627316528
Atambua,-9.1061,124.8925,69.37,87,24,4.47,ID,1627316583
Karapyshi,49.6424,30.79,78.06,60,49,5.03,UA,1627316583
Palana,59.1167,159.9667,51.1,99,100,16.58,RU,1627316584
Abalak,58.1286,68.5944,55.83,71,100,5.82,RU,1627316586
Pacific Grove,36.6177,-121.9166,63.77,94,90,5.01,US,1627316586
Vardø,70.3705,31.1107,48.18,81,20,18.41,NO,1627316586
Codrington,-38.2667,141.9667,48.87,85,100,15.39,AU,1627316587
Dubna,56.7333,37.1667,70.75,64,93,3.56,RU,1627316587
Nemuro,43.3236,145.575,60.82,99,100,14.65,JP,1627316588
Mahébourg,-20.4081,57.7,68.29,88,75,9.22,MU,1627316544
Hambantota,6.1241,81.1185,81.0,79,95,18.28,LK,1627316588
Meulaboh,4.1363,96.1285,79.23,83,86,4.83,ID,1627316338
Sumbe,-11.2061,13.8437,73.9,77,82,7.67,AO,1627316589
Dingle,10.9995,122.6711,79.34,84,100,12.21,PH,1627316302
Srednekolymsk,67.45,153.6833,39.24,78,51,7.9,RU,1627316590
Chara,56.9064,118.2631,57.56,71,1,2.98,RU,1627316590
Brae,60.3964,-1.353,58.91,94,100,14.76,GB,1627316591
Strezhevoy,60.7333,77.5889,51.78,89,100,13.85,RU,1627316591
Flinders,-34.5833,150.8552,59.18,66,100,4.0,AU,1627316389
Guaymas,27.9333,-110.9,89.46,70,1,0.0,MX,1627316404
Morro Bay,35.3658,-120.8499,72.75,79,100,3.44,US,1627316592
Alice Springs,-23.7,133.8833,62.15,22,55,11.5,AU,1627316446
Waunakee,43.1919,-89.4557,86.11,47,1,1.99,US,1627316592
Marawi,7.9986,124.2928,73.65,85,100,4.92,PH,1627316592
Nueva Concepción,14.2,-91.3,91.15,68,7,1.99,GT,1627316595
Xianshuigu,38.985,117.3828,82.4,83,0,8.95,CN,1627316595
Yangi Marg`ilon,40.4272,71.7189,92.12,21,0,4.61,UZ,1627316596
Samarinda,-0.5,117.15,74.48,96,13,2.37,ID,1627316597
Bad Salzuflen,52.0862,8.7443,78.93,61,78,10.22,DE,1627316597
Giyani,-23.3025,30.7187,60.64,47,7,7.65,ZA,1627316598
Marrakesh,31.6315,-8.0083,96.87,23,0,8.05,MA,1627316599
Antofagasta,-23.65,-70.4,64.22,54,31,11.5,CL,1627316530
Eydhafushi,5.1033,73.0708,81.75,75,100,5.44,MV,1627316600
Nikolskoye,59.7035,30.7861,80.49,42,31,4.59,RU,1627316321
Abhā,18.2164,42.5053,67.82,83,40,3.44,SA,1627316601
Kodinsk,58.6881,99.1844,70.39,58,21,3.87,RU,1627316446
Zandvoort,52.3749,4.5341,70.92,79,40,10.36,NL,1627316603
Murgab,37.4966,61.9714,98.47,22,0,16.11,TM,1627316604
Qui Nhon,13.7667,109.2333,85.41,64,30,17.43,VN,1627316549
Kalulushi,-12.8378,28.0919,45.77,34,85,6.82,ZM,1627316605
Pangnirtung,66.1451,-65.7125,51.8,93,90,5.75,CA,1627316571
Amapala,13.2922,-87.6539,91.8,63,26,1.7,HN,1627316608
Najrān,17.4924,44.1277,93.85,21,92,15.61,SA,1627316608
Sobolevo,54.4299,31.8996,75.42,57,66,3.4,RU,1627316405
Kivsharivka,49.6213,37.7036,80.02,43,2,8.77,UA,1627316609
Tateyama,34.9833,139.8667,76.98,67,100,17.38,JP,1627316610
Trairi,-3.2778,-39.2689,87.01,53,13,17.27,BR,1627316396
Clyde River,70.4692,-68.5914,37.63,93,90,9.22,CA,1627316612
Bulgan,48.8125,103.5347,57.02,77,52,1.79,MN,1627316613
Fenoarivo Atsinanana,-17.3667,49.4167,66.2,87,53,10.89,MG,1627316614
Salihorsk,52.7876,27.5415,78.3,48,59,9.57,BY,1627316614
Savalou,7.9281,1.9756,84.02,60,97,4.92,BJ,1627316615
Biskamzha,53.4497,89.5272,62.47,95,30,3.69,RU,1627316615
Arauco,-37.2463,-73.3175,50.02,58,0,5.5,CL,1627316616
Eyrarbakki,63.863,-21.1481,53.65,85,100,11.99,IS,1627316616
Tiksi,71.6872,128.8694,38.93,95,100,13.6,RU,1627316600
Bertoua,4.5833,13.6833,77.59,68,91,3.96,CM,1627316617
Nelson Bay,-32.7167,152.15,56.68,67,19,11.86,AU,1627316617
Gornyy,55.1153,83.9059,58.8,87,69,14.05,RU,1627316617
St. George's,12.0564,-61.7485,76.68,94,75,6.91,GD,1627316333
Tautira,-17.7333,-149.15,75.22,76,40,5.41,PF,1627316619
Yelets,52.6237,38.5017,74.68,53,65,2.62,RU,1627316620
Rexburg,43.826,-111.7897,79.86,48,1,0.0,US,1627316600
Padang,-0.9492,100.3543,77.05,88,89,3.96,ID,1627316385
Bol,13.4586,14.7147,79.18,82,48,12.55,TD,1627316621
Chamba,32.5667,76.1333,78.94,97,100,0.34,IN,1627316621
Souris,49.6172,-100.2612,71.46,27,20,10.78,CA,1627316622
Collecchio,44.754,10.2184,83.93,50,40,3.44,IT,1627316622
Ermelo,-26.5333,29.9833,47.5,26,0,0.89,ZA,1627316622
Nanortalik,60.1432,-45.2371,51.15,69,87,10.07,GL,1627316623
Pacifica,37.6138,-122.4869,71.69,90,75,4.0,US,1627316571
Rio Grande,-32.035,-52.0986,56.95,98,100,4.72,BR,1627316568
Vao,-22.6667,167.4833,68.88,63,73,14.74,NC,1627316624
Santa Cruz de la Sierra,-17.8,-63.1667,86.05,51,20,25.32,BO,1627316483
Kotapārh,19.15,82.35,76.51,82,94,12.08,IN,1627316625
Muros,42.7762,-9.0603,81.68,54,4,17.09,ES,1627316626
Aykhal,66.0,111.5,69.24,63,21,4.0,RU,1627316422
Te Anau,-45.4167,167.7167,40.21,92,99,2.46,NZ,1627316627
Verkhoyansk,67.5447,133.385,56.61,83,45,4.68,RU,1627316628
Maniitsoq,65.4167,-52.9,51.06,68,95,13.49,GL,1627316628
Turaif,31.6725,38.6637,104.25,20,0,11.5,SA,1627316628
Hasaki,35.7333,140.8333,73.69,90,100,31.41,JP,1627316629
Kjøllefjord,70.9457,27.3465,48.02,76,20,5.75,NO,1627316332
Misratah,32.3754,15.0925,84.04,57,0,17.74,LY,1627316630
Usevya,-7.1,31.2333,70.84,36,43,6.15,TZ,1627316631
Mahajanga,-15.7167,46.3167,80.62,44,20,6.91,MG,1627316631
São Filipe,14.8961,-24.4956,75.94,76,78,6.93,CV,1627316632
Havelock,34.8791,-76.9013,88.03,78,66,5.99,US,1627316632
Izberbash,42.5696,47.8645,82.45,64,0,5.41,RU,1627316632
Tilichiki,60.4667,166.1,51.58,99,100,5.1,RU,1627316633
Verkhnevilyuysk,63.4453,120.3167,68.27,65,40,5.19,RU,1627316633
Kavieng,-2.5744,150.7967,80.26,77,9,5.53,PG,1627316391
Vryburg,-26.9566,24.7284,52.39,32,17,8.25,ZA,1627316634
Ørnes,66.8689,13.7078,81.3,69,47,6.15,NO,1627316634
Melchor de Mencos,17.0686,-89.1522,86.0,66,0,0.0,GT,1627316635
College,64.8569,-147.8028,60.46,81,75,3.44,US,1627316585
Merauke,-8.4667,140.3333,76.05,82,100,11.9,ID,1627316635
Port Moresby,-9.4431,147.1797,76.42,83,75,17.27,PG,1627316469
Lensk,60.7253,114.9278,68.86,66,3,1.97,RU,1627316636
Erzurum Province,40.0,41.5,83.88,17,8,9.28,TR,1627316636
Atasū,48.6814,71.6433,69.1,45,3,15.35,KZ,1627316637
Bambanglipuro,-7.95,110.2833,76.24,81,87,5.5,ID,1627316637
Sampit,-2.5333,112.95,74.01,92,0,2.93,ID,1627316638
Castelbuono,37.932,14.0886,89.92,34,1,1.92,IT,1627316640
Locri,38.2414,16.2623,87.76,54,1,6.93,IT,1627316640
Gandevi,20.8167,72.9833,78.69,89,94,15.52,IN,1627316641
Jurbarkas,55.0778,22.7664,78.48,54,84,13.49,LT,1627316641
The Valley,18.217,-63.0578,87.66,70,20,14.97,AI,1627316359
Kiryat Gat,31.61,34.7642,86.4,61,0,12.28,IL,1627316401
Yerbogachën,61.2767,108.0108,67.73,66,39,3.42,RU,1627316643
Hong Kong,22.2855,114.1577,88.32,83,96,1.01,HK,1627316499
Ngunguru,-35.6167,174.5,49.15,80,1,10.65,NZ,1627316644
Bakel,14.905,-12.4568,100.45,34,53,10.87,SN,1627316645
Santa Rosa,14.3122,121.1114,82.9,84,100,14.74,PH,1627316646
Wamba,8.9333,8.6,71.76,93,98,3.33,NG,1627316646
Solikamsk,59.6196,56.7729,55.71,89,74,7.16,RU,1627316648
Anguillara Sabazia,42.0875,12.2767,91.85,43,97,11.83,IT,1627316648
Vila,42.0304,-8.1588,75.74,49,0,6.02,PT,1627316649
Prince Rupert,54.3161,-130.3201,57.29,91,90,10.36,CA,1627316650
Vesele,47.0148,34.915,82.51,48,34,7.61,UA,1627316650
Mount Isa,-20.7333,139.5,44.37,57,5,1.14,AU,1627316410
Saint-Joseph,-21.3667,55.6167,68.38,75,29,11.74,RE,1627316409
Chokurdakh,70.6333,147.9167,33.84,94,84,10.31,RU,1627316549
Cam Ranh,11.9214,109.1591,84.16,70,20,6.91,VN,1627316651
Longhua,23.6137,114.1919,83.07,81,99,2.48,CN,1627316652
Jodhpur,26.2867,73.03,85.41,65,100,17.0,IN,1627316387
Cururupu,-1.8283,-44.8683,86.97,57,41,5.28,BR,1627316653
Piteå,65.3172,21.4794,73.49,73,54,5.35,SE,1627316653
Morón,-34.6534,-58.6198,57.99,44,51,9.42,AR,1627316654
Waldoboro,44.0954,-69.3756,86.99,52,8,6.17,US,1627316654
Włoszczowa,50.8526,19.9659,84.2,52,31,7.63,PL,1627316655
Mayumba,-3.432,10.6554,73.31,82,97,6.24,GA,1627316655
Mvuma,-19.2792,30.5283,52.45,56,79,9.71,ZW,1627316656
Vestmannaeyjar,63.4427,-20.2734,49.19,93,90,13.8,IS,1627316656
Salinópolis,-0.6136,-47.3561,85.48,62,38,8.99,BR,1627316657
Cap Malheureux,-19.9842,57.6142,68.49,79,2,3.0,MU,1627316659
Lambaréné,-0.7001,10.2406,83.39,59,92,10.13,GA,1627316660
Leshukonskoye,64.8989,45.7622,50.63,68,88,10.13,RU,1627316662
Cowra,-33.8333,148.6833,51.28,91,88,5.53,AU,1627316663
Bentiu,9.2333,29.8333,70.41,98,100,3.76,SS,1627316663
Hofn,64.2539,-15.2082,55.42,71,75,9.22,IS,1627316664
Benghazi,32.1167,20.0667,82.47,55,0,20.24,LY,1627316617
Naryan-Mar,67.6713,53.087,46.81,84,93,7.9,RU,1627316649
Helena,46.5927,-112.0361,83.25,30,1,3.44,US,1627316666
Cabo San Lucas,22.8909,-109.9124,92.8,58,1,5.75,MX,1627316439
Ambon City,-3.6954,128.1814,75.34,88,20,5.75,ID,1627316667
Kamenka,51.3223,42.7678,74.98,38,51,6.58,RU,1627316667
Kenai,60.5544,-151.2583,56.03,88,1,6.91,US,1627316668
Mocuba,-16.8392,36.9856,66.33,64,14,7.81,MZ,1627316668
Along,28.1667,94.7667,76.98,99,100,2.04,IN,1627316668
Jönköping,57.7814,14.1562,71.31,83,20,10.36,SE,1627316669
Juneau,58.3019,-134.4197,55.85,90,75,4.61,US,1627316444
São Francisco,-15.9486,-44.8644,85.35,21,4,6.29,BR,1627316479
Zeya,53.75,127.2667,64.53,85,100,5.06,RU,1627316673
Valley Station,38.1112,-85.8702,90.3,60,40,1.01,US,1627316674
Chicama,-7.8447,-79.1469,66.74,65,23,9.19,PE,1627316675
Asău,46.4333,26.4,79.95,47,18,3.06,RO,1627316677
Ahar,38.4774,47.0699,78.21,48,8,6.87,IR,1627316677
Benguela,-12.5763,13.4055,74.43,76,47,7.05,AO,1627316678
Talnakh,69.4865,88.3972,64.29,81,96,3.58,RU,1627316566
Sakakah,29.9697,40.2064,110.77,12,29,15.17,SA,1627316590
Vanimo,-2.6741,141.3028,76.84,82,10,4.43,PG,1627316682
Norman Wells,65.282,-126.8329,59.04,63,75,11.5,CA,1627316682
Carauari,-4.8828,-66.8958,93.9,40,71,2.77,BR,1627316684
Viedma,-40.8135,-62.9967,47.28,42,27,25.37,AR,1627316684
High Prairie,55.4334,-116.4858,65.5,52,15,8.28,CA,1627316685
Ola,59.5833,151.2833,53.24,99,100,4.32,RU,1627316688
Coquimbo,-29.9533,-71.3436,60.53,63,0,9.22,CL,1627316670
Nuevo Progreso,23.1667,-97.95,89.6,59,2,6.02,MX,1627316688
Shitkino,56.3703,98.3543,68.09,62,11,3.4,RU,1627316477
Imbituba,-28.24,-48.6703,80.49,57,15,6.64,BR,1627316590
Wakkanai,45.4094,141.6739,68.74,83,1,6.46,JP,1627316592
Puerto Escondido,15.85,-97.0667,86.83,70,90,6.91,MX,1627316675
Huangnihe,43.5583,128.0239,70.9,85,100,1.97,CN,1627316691
Aiken,33.5835,-81.5998,91.58,67,90,3.44,US,1627316692
Praia,14.9215,-23.5087,84.74,58,20,16.11,CV,1627316692
Avera,33.194,-82.5271,90.91,53,11,2.3,US,1627316693
Dno,57.8277,29.9637,77.09,52,22,3.91,RU,1627316694
Mazatlán,23.2167,-106.4167,86.02,76,40,3.0,MX,1627316439
Burns Lake,54.2331,-125.7533,47.62,86,100,1.97,CA,1627316695
Māngrol,21.1167,70.1167,81.41,84,85,15.05,IN,1627316695
Guerrero Negro,27.9769,-114.0611,72.55,68,1,8.79,MX,1627316696
Ekibastuz,51.6667,75.3667,68.13,41,4,12.71,KZ,1627316697
Lingating,8.3317,124.6289,78.82,90,100,4.38,PH,1627316697
Laguna,38.421,-121.4238,80.46,55,1,1.01,US,1627316569
Suez,29.9737,32.5263,95.07,32,0,13.67,EG,1627316702
Cidreira,-30.1811,-50.2056,63.07,91,99,4.74,BR,1627316577
Bukama,-9.2,25.85,77.68,23,83,6.2,CD,1627316704
Marsá Maţrūḩ,31.3525,27.2453,82.6,65,40,11.5,EG,1627316704
Sittwe,20.15,92.9,80.78,86,100,17.94,MM,1627316704
Rzhev,56.2624,34.3282,74.16,58,49,4.25,RU,1627316705
Klaksvík,62.2266,-6.589,54.52,96,100,9.17,FO,1627316705
Maumere,-8.6199,122.2111,75.74,80,20,2.3,ID,1627316660
Poum,-20.2333,164.0167,70.07,70,80,15.66,NC,1627316705
Labuhan,-6.8844,112.2051,75.07,77,1,8.95,ID,1627316706
Bagotville,-28.9833,153.4167,51.64,72,71,4.99,AU,1627316706
Sur,22.5667,59.5289,93.72,53,56,7.47,OM,1627316706
Sayyan,15.1718,44.3244,66.88,58,87,4.09,YE,1627316706
Gualeguaychú,-33.0094,-58.5172,60.04,72,0,14.27,AR,1627316459
San Felipe,10.3399,-68.7425,85.82,64,96,4.63,VE,1627316707
Kruisfontein,-34.0033,24.7314,63.88,21,100,16.13,ZA,1627316565
Romitan,39.9343,64.3814,93.15,27,0,11.5,UZ,1627316708
São João do Piauí,-8.3581,-42.2467,89.04,34,39,8.23,BR,1627316711
Bandarbeyla,9.4942,50.8122,78.89,69,58,28.34,SO,1627316711
Pangkalanbuun,-2.6833,111.6167,74.17,90,1,3.2,ID,1627316686
Mananjary,-21.2167,48.3333,64.9,80,24,7.23,MG,1627316712
Iqaluit,63.7506,-68.5145,49.73,87,75,2.3,CA,1627316713
Santana,-0.0583,-51.1817,91.58,62,75,8.05,BR,1627316714
Tabou,4.423,-7.3528,78.46,71,64,11.25,CI,1627316452
Kedrovyy,56.1667,91.8167,64.81,95,85,3.89,RU,1627316714
Kumul,42.8,93.45,90.3,17,43,8.95,CN,1627316714
Khasan,42.4308,130.6434,72.68,93,56,2.37,RU,1627316716
Babol,36.5513,52.679,84.27,70,27,5.19,IR,1627316717
Beckley,37.7782,-81.1882,84.09,80,90,9.22,US,1627316621
Aswān,24.0934,32.907,101.5,13,0,11.5,EG,1627316551
Abū Zabad,12.35,29.25,78.37,71,100,9.69,SD,1627316718
Cockburn Town,21.4612,-71.1419,85.96,70,40,12.66,TC,1627316719
Griffith,41.5284,-87.4237,90.99,43,1,1.01,US,1627316719
Sancti Spíritus,21.9297,-79.4425,86.97,63,40,6.15,CU,1627316720
Ketchikan,55.3422,-131.6461,57.67,88,90,0.0,US,1627316720
Belyy Yar,53.6039,91.3903,67.89,88,0,4.47,RU,1627316722
Atar,20.5169,-13.0499,114.98,5,68,6.78,MR,1627316449
Anáhuac,27.2333,-100.15,83.7,48,50,9.4,MX,1627316723
Ransang,8.9603,117.5828,81.45,83,98,9.71,PH,1627316723
Chengde,40.9725,117.9361,71.87,97,100,2.46,CN,1627316723
Baykit,61.67,96.37,72.1,60,14,5.1,RU,1627316724
Bubaque,11.2833,-15.8333,80.87,78,99,10.33,GW,1627316724
Farmington,36.7281,-108.2187,79.7,48,1,3.44,US,1627316531
Goderich,43.7501,-81.7165,82.04,69,0,6.91,CA,1627316462
Powell,40.1578,-83.0752,86.9,52,75,3.0,US,1627316726
Ulverstone,-41.15,146.1667,55.29,84,97,5.01,AU,1627316727
Savinka,50.0785,47.0994,78.57,27,11,12.21,RU,1627316728
Lagos,6.5833,3.75,80.92,69,91,9.15,NG,1627316728
San Jose,37.3394,-121.895,71.53,70,75,0.0,US,1627316460
Bereda,43.2686,-7.5406,79.41,55,6,6.98,ES,1627316729
Narganá,9.4428,-78.5906,82.18,74,70,4.29,PA,1627316729
Abay,49.6311,72.8539,61.18,49,34,8.88,KZ,1627316648
Baymak,52.5933,58.3225,61.39,48,54,5.97,RU,1627316730
Great Falls,47.5002,-111.3008,84.92,27,1,5.01,US,1627316730
Susa,32.1942,48.2436,115.81,8,3,11.36,IR,1627316731
Koz'modem'yansk,56.3367,46.5711,70.63,58,45,6.55,RU,1627316731
Gouré,13.9835,10.2704,90.32,45,98,4.56,NE,1627316639
Koceljeva,44.4736,19.8117,91.4,52,78,7.74,RS,1627316732
Rolla,37.9514,-91.7713,86.52,56,1,3.0,US,1627316732
Tazovsky,67.4667,78.7,46.04,94,100,14.45,RU,1627316733
Kenitra,34.261,-6.5802,80.73,64,11,13.33,MA,1627316733
Porto Torres,40.835,8.3972,84.38,58,89,4.88,IT,1627316733
Lázaro Cárdenas,17.9583,-102.2,84.94,73,84,2.01,MX,1627316734
Hirara,24.8,125.2833,82.54,91,100,6.53,JP,1627316735
San Francisco de Coray,13.6614,-87.5328,90.63,54,17,3.2,HN,1627316735
Talas,38.6908,35.5538,81.27,34,40,11.5,TR,1627316736
Havøysund,70.9963,24.6622,54.48,79,21,6.51,NO,1627316736
Ulagan,50.6321,87.9563,59.88,75,69,2.46,RU,1627316738
Yar-Sale,66.8333,70.8333,53.31,74,59,3.94,RU,1627316739
Boueni,-12.9025,45.0761,75.18,64,2,12.53,YT,1627316740
Southampton,50.904,-1.4043,78.19,61,20,5.99,GB,1627316740
Chenzhou,25.8,113.0333,79.92,72,64,1.7,CN,1627316741
Cap-aux-Meules,47.3821,-61.8597,64.45,94,90,13.8,CA,1627316742
San Quintín,30.4833,-115.95,69.87,76,100,4.14,MX,1627316640
Casma,-41.0082,-73.1244,47.8,63,54,6.55,CL,1627316744
Caraí,-17.1889,-41.6947,69.15,58,98,4.68,BR,1627316744
Staryy Nadym,65.6118,72.6842,54.7,64,90,6.08,RU,1627316745
Bang Rakam,16.7585,100.1174,76.01,91,100,2.75,TH,1627316746
Kaka,37.3482,59.6143,100.22,17,0,15.66,TM,1627316748
Anaconda,46.1285,-112.9423,76.96,18,98,3.09,US,1627316582
Burnie,-41.0667,145.9167,54.91,90,100,17.0,AU,1627316581
Fareydūnshahr,32.941,50.121,70.7,17,1,9.01,IR,1627316750
San Fernando,15.0286,120.6898,83.14,86,100,6.91,PH,1627316751
Aksu,41.1231,80.2644,90.86,21,0,3.09,CN,1627316650
Sfântu Gheorghe,45.8667,25.7833,81.82,52,22,1.99,RO,1627316592
Fort Smith,35.3859,-94.3986,91.89,72,1,4.0,US,1627316751
Marzuq,14.4,46.4667,78.15,64,74,9.19,YE,1627316597
Chui,-33.6971,-53.4616,54.95,75,100,9.1,UY,1627316555
Andenes,69.3143,16.1194,58.46,93,75,9.22,NO,1627316612
Longido,-2.7333,36.6833,68.86,37,51,12.86,TZ,1627316754
Kurush,41.2841,47.8345,55.81,86,69,2.21,RU,1627316755
Antsohihy,-14.8796,47.9875,74.55,53,39,13.49,MG,1627316756
Inírida,3.8653,-67.9239,73.18,98,100,2.19,CO,1627316756
Mühlhausen,51.2167,10.45,80.08,57,60,9.57,DE,1627316757
Icod de los Vinos,28.3724,-16.7119,75.36,83,13,10.54,ES,1627316757
Pokhara,28.2333,83.9833,74.17,92,100,1.99,NP,1627316757
Imuris,30.7833,-110.8667,80.74,49,60,0.89,MX,1627316758
Tashtagol,52.7657,87.8894,62.11,98,82,3.13,RU,1627316758
Anadyr,64.75,177.4833,50.5,93,75,17.0,RU,1627316759
Tabory,58.5198,64.5495,58.26,60,99,5.03,RU,1627316761
Basco,20.4487,121.9702,82.62,89,95,27.69,PH,1627316762
Pucallpa,-8.3791,-74.5539,87.84,55,40,8.05,PE,1627316762
Yantzaza,-3.8278,-78.7594,82.42,51,10,1.79,EC,1627316763
Rodolfo Sánchez Taboada,31.7167,-116.5667,70.2,90,99,4.52,MX,1627316764
Husavik,66.0449,-17.3389,58.91,52,91,4.54,IS,1627316764
Richards Bay,-28.783,32.0377,64.56,61,2,14.05,ZA,1627316766
Lüshunkou,38.8,121.2667,80.82,83,12,9.69,CN,1627316766
Bétaré Oya,5.6,14.0833,72.81,84,97,3.33,CM,1627316766
Omsukchan,62.5333,155.8,48.76,96,100,6.29,RU,1627316768
Kidal,18.4411,1.4078,88.3,44,100,19.53,ML,1627316770
Auki,-8.7676,160.7034,75.25,94,100,6.17,SB,1627316574
Choix,26.7092,-108.3219,86.72,48,88,1.54,MX,1627316771
Tokoroa,-38.2333,175.8667,50.14,80,95,5.01,NZ,1627316773
Zlobin,45.2924,14.6541,76.37,62,0,9.22,HR,1627316774
Praia,14.9215,-23.5087,84.74,58,20,16.11,CV,1627316775
Hobyo,5.3505,48.5268,77.49,76,71,27.87,SO,1627316775
Chiredzi,-21.05,31.6667,62.04,41,32,5.01,ZW,1627316775
Vikravāndi,12.0333,79.55,83.14,71,98,7.63,IN,1627316775
Laas,46.6166,10.7002,68.88,76,70,5.55,IT,1627316778
Marovoay,-16.1,46.6333,80.74,49,16,11.25,MG,1627316779
Ruteng,-8.6136,120.4721,58.98,87,5,1.1,ID,1627316779
Coffs Harbour,-30.3,153.1333,46.13,94,27,4.61,AU,1627316780
Geraldton,-28.7667,114.6,65.12,77,90,24.16,AU,1627316648
Gambēla,8.25,34.5833,67.84,99,100,0.63,ET,1627316781
Ashtian,34.5217,50.0019,81.18,15,0,18.28,IR,1627316782
Kyra,49.5776,111.9753,55.08,89,77,4.16,RU,1627316782
Christchurch,-43.5333,172.6333,50.2,77,20,3.0,NZ,1627316585
Manhattan,40.7834,-73.9662,89.94,54,1,0.0,US,1627316628
Oyama,36.3,139.8,77.59,63,95,5.88,JP,1627316784
Saint-Augustin,51.226,-58.6502,66.27,62,60,14.58,CA,1627316497
Camacha,33.0833,-16.3333,74.62,69,40,14.97,PT,1627316784
Russell,32.3502,-85.1999,90.79,71,40,5.75,US,1627316786
Abonnema,4.7084,6.7931,84.74,53,56,12.88,NG,1627316786
Doha,25.2867,51.5333,102.51,69,61,9.22,QA,1627316786
Ende,-8.8432,121.6623,75.0,86,48,1.5,ID,1627316787
Zalari,53.5584,102.5065,66.06,64,100,8.59,RU,1627316787
De-Kastri,51.4667,140.7833,62.98,100,100,2.48,RU,1627316787
La Romana,18.4273,-68.9728,87.53,54,64,14.12,DO,1627316788
Millinocket,45.6573,-68.7098,77.11,69,1,5.75,US,1627316789
Makakilo City,21.3469,-158.0858,77.32,70,1,4.61,US,1627316614
Namtsy,62.7161,129.6658,71.71,63,6,8.52,RU,1627316791
Fairlie,55.756,-4.8556,76.19,73,100,5.01,GB,1627316793
Río Gallegos,-51.6226,-69.2181,41.05,81,40,18.41,AR,1627316793
Shanghai,31.2222,121.4581,78.93,96,75,3.0,CN,1627316521
Nicoya,10.1483,-85.452,85.55,72,100,4.72,CR,1627316794
Dawlatabad,36.4141,64.9053,100.71,13,0,18.14,AF,1627316795
Nome,64.5011,-165.4064,48.27,93,90,9.22,US,1627316672
Umluj,25.0213,37.2685,90.03,50,1,11.41,SA,1627316796
Jertih,5.7336,102.4897,78.71,89,79,1.68,MY,1627316796
Deputatsky,69.3,139.9,46.11,92,100,3.62,RU,1627316615
Porto Velho,-8.7619,-63.9039,91.45,46,40,4.61,BR,1627316797
Orlik,52.5178,99.825,56.25,93,99,1.5,RU,1627316798
Ust'-Shonosha,61.1531,41.343,62.06,86,96,6.96,RU,1627316798
Rosetta,31.4044,30.4164,84.02,66,0,12.08,EG,1627316799
Westport,41.1415,-73.3579,90.09,58,100,5.06,US,1627316800
Sabha,27.0377,14.4283,97.14,14,0,10.4,LY,1627316801
Palatka,29.6486,-81.6376,88.99,83,71,3.69,US,1627316581
Ginda,30.6945,78.4932,68.38,99,100,1.05,IN,1627316802
Naze,28.3667,129.4833,77.31,86,100,13.42,JP,1627316802
Tual,-5.6667,132.75,79.88,75,79,18.34,ID,1627316803
Portland,45.5234,-122.6762,71.2,76,75,3.0,US,1627316599
Barra de Tecoanapa,16.5167,-98.75,86.43,67,65,2.51,MX,1627316803
Lappeenranta,61.0587,28.1887,82.45,36,0,5.75,FI,1627316804
La Palma,33.8464,-118.0467,77.5,86,90,1.99,US,1627316804
Rehoboth,-23.3167,17.0833,67.91,21,0,5.64,NA,1627316805
Abu Samrah,35.3029,37.1841,93.83,22,0,17.98,SY,1627316805
Hamilton,39.1834,-84.5333,88.41,56,40,8.05,US,1627316730
Forsytheganj,52.6333,29.7333,76.08,55,98,3.76,BY,1627316806
Paita,-5.0892,-81.1144,73.96,71,31,10.58,PE,1627316806
